category,name
Vitamin,Vitamin B 12
Vitamin,Vitamin D
Mineral,Boron
Mineral,Calcium Supplement
Mineral,Chromium Picolinate
Mineral,Copper
Mineral,Iodine
Mineral,"Iron, Dietary"
Mineral,Magnesium
Mineral,Manganese
Mineral,Molybdenum
Mineral,"Phosphorus, Dietary"
Mineral,Potassium
Mineral,Selenium
Mineral,Vanadium
Vitamin,Vitamin A
Vitamin,Vitamin B Complex
Vitamin,Vitamin C
Vitamin,Vitamin E
Mineral,Zinc Cation
Vitamin,Biotin
Mineral,Choline
Vitamin,Vitamin K
Other,Coenzyme Q10
Botanical,Green Tea Extract
Fatty Acid,"Fatty Acids, Omega-3"
Fatty Acid,Fish Oils
Fatty Acid,Linolenic Acid
Fatty Acid,Flaxseed Extract
Fatty Acid,"Fatty Acids, Omega-6"
Botanical,Echinacea
Botanical,Garlic
Botanical,GinkgoæBiloba Whole
Botanical,Ginseng
Other,Para-aminobenzoic acid (PABA)
Botanical,Bilberry Extract
Other,Chondroitin Sulfates
Fiber,Dietary Fiber
Botanical,Ginger
Other,Glucosamine
Botanical,Grape Seed Extract
Botanical,Quercetin
Botanical,Saw Palmetto Extract
Botanical,Soybean Oil
Fatty Acid,Eicosapentaenoic Acid
Fatty Acid,Docosahexaenoic Acid
Fatty Acid,Gamma-Linolenic Acid
Fatty Acid,Oleic Acid
Fatty Acid,Conjugated Linoleic Acid
Fatty Acid,Palmitoleic Acid
Amino Acid,Leucine
Amino Acid,Isoleucine
Amino Acid,Valine
Amino Acid,Phenylalanine
Amino Acid,Histidine
Amino Acid,Methionine
Amino Acid,Threonine
Amino Acid,Tryptophan
Amino Acid,Ornithine
Fiber,Beta-Glucans
Fiber,Guar Gum
Fiber,Pectin
Fiber,Psyllium
Fiber,Maltodextrin
Fiber,Inulin
Amino Acid,3-Aminoisobutyric Acid
Amino Acid,3-Nitrotyrosine
Amino Acid,5-Hydroxytryptophan
Amino Acid,Alanine
Amino Acid,Alanylglutamine
Protein,Albumin
Botanical,Allicin
Amino Acid,Alpha-Aminobutyric Acid
Fatty Acid,Alpha-lipoic acid
Hormone,Androstenedione
Botanical,Annona Muricata Whole
Botanical,Anthocyanins
Botanical,Apigenin
Fatty Acid,Arachidonate
Fatty Acid,Arachidonic Acid
Amino Acid,Arginine
Amino Acid,Arginine Hydrochloride
Amino Acid,Asparagine
Amino Acid,Aspartic Acid
Botanical,Bay Oil (Pimenta Racemosa)
Botanical,Beets
Botanical,Berberine
Botanical,Beta Carotene
Amino Acid,Betaine
Botanical,Broccoli Sprout Extract
Mineral,Calcium Carbonate
Mineral,Calcium Chloride
Mineral,Calcium Phosphate
Botanical,Camellia Sinensis
Botanical,Cannabidiol
Botanical,Cannabinoids
Botanical,Carrageenan
Protein,Caseins
Mineral,Cobalt
Mineral,Cobaltous Cation
Amino Acid,Creatine
Amino Acid,Creatine Monohydrate
Mineral,Cupric Cation
Mineral,Cuprous
Botanical,Curcuma Longa
Amino Acid,Cysteine
Amino Acid,D-Serine
Vitamin,Dehydroascorbic Acid
Hormone,Dehydroepiandrosterone
Botanical,Digitalis
Botanical,Elder Extract
Fatty Acid,"Fatty Acids, Monounsaturated"
Mineral,Ferrous
Mineral,Ferrous Sulfate
Mineral,Fluorides
Vitamin,Folate
Vitamin,Folic Acid
Amino Acid,GABA
Amino Acid,Glutamate
Amino Acid,Glutamic Acid
Amino Acid,Glutamine
Amino Acid,Glycine
Botanical,Glycine Max
Amino Acid,Homocysteine
Mineral,Iodides
Botanical,Kava
Fatty Acid,Linoleic Acid
Fatty Acid,Long Chain Fatty Acid
Amino Acid,Lysine
Mineral,Magnesium Cation
Mineral,Magnesium Chloride
Mineral,Manganese Cation (2+)
Botanical,Marijuana
Hormone,Melatonin
Botanical,Morinda Citrifolia
Mineral,Ni2+
Mineral,Niacin
Botanical,Olive Oil
Protein,Ovalbumin
Hormone,Oxytocin
Fatty Acid,Palmitic Acid
Fatty Acid,Polyunsaturated Fatty Acids
Hormone,Pregnenolone
Amino Acid,Proline
Botanical,Pulsatilla
Vitamin,Riboflavin
Botanical,Salvia Miltiorrhiza
Botanical,Schisandra
Hormone,Secretin
Amino Acid,Selenocysteine
Amino Acid,Selenomethionine
Amino Acid,Serine
Protein,"Serum Albumin, Human"
Botanical,St John's Wort
Fatty Acid,Stearic Acid
Botanical,Sugar beet
Mineral,Sulfur
Amino Acid,Taurine
Amino Acid,Theanine
Vitamin,Thiamine
Fatty Acid,Trans Fatty Acids
Amino Acid,Tyrosine
Vitamin,Vitamin B 6
Other,Caffeine
Other,Cellulose
Amino Acid,Citrulline
Other,Whey Protein Isolate